{"0": [], "epsilon": [0, 0, 0, 0, 0], "2": [[0.4375, 0.457882506219903], [0.8125, 0.37087928719114416], [0.71875, 0.36474334882950643], [0.90625, 0.0019375788134370353], [0.90625, 0.0011864275670188107], [0.84375, 0.18566162230049743], [0.875, 0.0016281979539201075], [0.84375, 0.17925617014043782], [0.78125, 0.18343180900355094], [0.78125, 0.35769368358810105], [0.625, 0.18303640477103045]], "3": [[0.3125, 0.6597709751958973], [0.625, 0.42025409466239694], [0.65625, 0.41568696372293346], [0.65625, 0.3908854506546504], [0.8125, 0.19335368930028096], [0.75, 0.41513982708909225], [0.59375, 0.40727625588446914], [0.78125, 0.6131378848257882], [0.78125, 0.5936030681203412], [0.625, 0.20307682866565813], [0.78125, 0.1950304196076047], [0.875, 0.19439706712364924], [0.90625, 0.1909323663962077], [0.75, 0.2211493931950841], [0.5, 0.4131293332524706], [0.53125, 0.20054993977697677], [0.71875, 0.5984695197317933], [0.84375, 0.2193558905188504]], "4": [[0.5, 0.2789554022338052], [0.75, 0.8526541808484467], [0.875, 0.2151501831024234], [0.875, 0.0013088155293221604], [0.875, 0.4235280509091126], [0.75, 0.432016631534367], [0.8125, 0.21464861982314964], [0.78125, 0.6334390443682167], [0.6875, 0.4340521750534556], [0.78125, 0.0025604903636349263]], "score": [0, 0, 0, 0, 0], "1": [[0.6875, 0.36869984748773277], [0.625, 0.3037560550365015], [0.65625, 0.24057719043412362], [0.65625, 0.20133755210554227], [0.59375, 0.183543351940898], [0.53125, 0.006301645070379891], [0.75, 0.17272287975615264], [0.84375, 0.16996228494127763], [0.8125, 0.16792901671459504], [0.875, 0.16613604443186114]]}