{"0": [], "epsilon": [0.5, 0.5, 0.45675862374182036, 0.4089534687986153, 0.34472454293453886], "2": [[0.65625, 0.5730175510980189], [0.6875, 0.5133650926873088], [0.65625, 0.4677206191699952], [0.65625, 0.42289821374288294], [0.71875, 0.3784697140766866], [0.65625, 0.3597488315362761], [0.6875, 0.17797619153307664], [0.5625, 0.17227344473829476], [0.6875, 0.16956886412775773]], "3": [[0.625, 0.28294780842452383], [0.5625, 0.5806574571731744], [0.59375, 0.3744792545231235], [0.90625, 0.188657063186227], [0.6875, 0.5399085851541514], [0.6875, 0.36468177649555855], [0.8125, 0.36368975727322095], [0.75, 0.5333837501808318], [0.875, 0.5321189573080716], [0.78125, 0.36263654376989507], [0.78125, 0.5389897608743599]], "4": [[0.71875, 0.4402533287989172], [0.6875, 0.7463384589066422], [0.5625, 0.571465034211883], [0.375, 0.3717140348613981], [0.46875, 0.5551058475242172], [0.375, 0.5554811121193097], [0.53125, 0.545855609022567], [0.6875, 0.369807960297436], [0.59375, 0.3712646061708256], [0.75, 0.5442032456503512], [0.8125, 0.3675702794242781], [0.75, 0.5455701476746815], [0.6875, 0.3656490849837368], [0.59375, 0.1923095114702349], [0.625, 0.3740005015970951], [0.625, 0.37035994703391184], [0.90625, 0.18294329815645938]], "score": [12, 13, 14, 11, 17], "1": []}